{"count":1,"self":372.654336,"total":377.48935,"children":{"InitializeActuators":{"count":1,"self":0.001883,"total":0.001883,"children":null},"InitializeSensors":{"count":1,"self":0.001981,"total":0.001981,"children":null},"AgentSendState":{"count":230151,"self":0.46721999999999997,"total":0.48096999999999995,"children":{"CollectObservations":{"count":162,"self":0.00042699999999999997,"total":0.00042699999999999997,"children":null},"WriteActionMask":{"count":162,"self":0.00064799999999999992,"total":0.00064799999999999992,"children":null},"RequestDecision":{"count":162,"self":0.0022719999999999997,"total":0.012674999999999999,"children":{"AgentInfo.ToProto":{"count":162,"self":0.0016519999999999998,"total":0.010402999999999999,"children":{"GenerateSensorData":{"count":162,"self":0.008751,"total":0.008751,"children":null}}}}}}},"DecideAction":{"count":230151,"self":4.214854,"total":4.214854,"children":null},"AgentAct":{"count":230151,"self":0.126723,"total":0.126723,"children":null},"AgentInfo.ToProto":{"count":33,"self":0.001236,"total":0.007336,"children":{"GenerateSensorData":{"count":33,"self":0.0060999999999999995,"total":0.0060999999999999995,"children":null}}}},"gauges":{"JunctionAI.CumulativeReward":{"count":33,"max":0,"min":-1488.437,"runningAverage":-724.664551,"value":-703.8335,"weightedAverage":-793.7748}},"metadata":{"timer_format_version":"0.1.0","start_time_seconds":"1649115931","unity_version":"2020.3.25f1","command_line_arguments":"\/home\/giwil\/Unity\/Hub\/Editor\/2020.3.25f1\/Editor\/Unity -projectpath \/home\/giwil\/AITMS\/Experiment_1\/AITMS-Sim -useHub -hubIPC -cloudEnvironment production -licensingIpc LicenseClient-giwil -hubSessionId 9a25a060-b460-11ec-ae87-f580b69a01ed -accessToken kehCk09HMwOIeZ6Yy_YIdVUDstNh3pLrBYOE2G5ITkI00cf","communication_protocol_version":"1.5.0","com.unity.ml-agents_version":"2.0.0","scene_name":"AITMS-SingleAgent","end_time_seconds":"1649116309"}}