{"count":1,"self":5299.8053887999995,"total":5408.280108,"children":{"InitializeActuators":{"count":4,"self":0.0018989999999999999,"total":0.0018989999999999999,"children":null},"InitializeSensors":{"count":4,"self":0.0031209999999999996,"total":0.0031209999999999996,"children":null},"AgentSendState":{"count":2651617,"self":4.13585,"total":4.569496,"children":{"CollectObservations":{"count":4976,"self":0.011543,"total":0.011543,"children":null},"WriteActionMask":{"count":4976,"self":0.008442,"total":0.008442,"children":null},"RequestDecision":{"count":4976,"self":0.055496,"total":0.413661,"children":{"AgentInfo.ToProto":{"count":4976,"self":0.163268,"total":0.358165,"children":{"GenerateSensorData":{"count":4976,"self":0.194897,"total":0.194897,"children":null}}}}}}},"DecideAction":{"count":2651617,"self":101.97404159999999,"total":101.97404,"children":null},"AgentAct":{"count":2651617,"self":1.6175979999999999,"total":1.6175979999999999,"children":null},"AgentInfo.ToProto":{"count":4977,"self":0.052849999999999994,"total":0.298267,"children":{"GenerateSensorData":{"count":4977,"self":0.245417,"total":0.245417,"children":null}}}},"gauges":{"JunctionAI_1.CumulativeReward":{"count":1234,"max":-0.714285731,"min":-2.56428623,"runningAverage":-1.19292629,"value":-1.21476316,"weightedAverage":-1.17062652},"JunctionAI_3.CumulativeReward":{"count":1228,"max":-0.714285731,"min":-2.654286,"runningAverage":-1.24217176,"value":-1.00272131,"weightedAverage":-1.328851},"JunctionAI_2.CumulativeReward":{"count":1254,"max":-0.714285731,"min":-2.50476241,"runningAverage":-1.12358046,"value":-1.33154833,"weightedAverage":-1.06375957},"JunctionAI_4.CumulativeReward":{"count":1261,"max":-0.714285731,"min":-3.983324,"runningAverage":-1.23002851,"value":-1.4105444,"weightedAverage":-1.31222045}},"metadata":{"timer_format_version":"0.1.0","start_time_seconds":"1652928718","unity_version":"2020.3.34f1","command_line_arguments":"\/home\/giwil\/Unity\/Hub\/Editor\/2020.3.34f1\/Editor\/Unity -projectpath \/home\/giwil\/AITMS\/AITMS-Sim -useHub -hubIPC -cloudEnvironment production -licensingIpc LicenseClient-giwil -hubSessionId 39d38440-d70e-11ec-b4f7-e36909cbe627 -accessToken hCDd8aifCnmVmR0mlBdmov5trOuLNAeCmmozpbwxwDk00cf","communication_protocol_version":"1.5.0","com.unity.ml-agents_version":"2.0.0","scene_name":"SingleLaneScene","end_time_seconds":"1652934126"}}