{"count":1,"self":62.035014399999994,"total":62.246407,"children":{"InitializeActuators":{"count":4,"self":0.001878,"total":0.001878,"children":null},"InitializeSensors":{"count":4,"self":0.0035889999999999997,"total":0.0035889999999999997,"children":null},"AgentSendState":{"count":30145,"self":0.049026,"total":0.050626,"children":{"CollectObservations":{"count":64,"self":0.00010999999999999999,"total":0.00010999999999999999,"children":null},"WriteActionMask":{"count":64,"self":0.0012109999999999998,"total":0.0012109999999999998,"children":null},"RequestDecision":{"count":64,"self":0.000279,"total":0.000279,"children":null}}},"DecideAction":{"count":30145,"self":0.134074,"total":0.134074,"children":null},"AgentAct":{"count":30145,"self":0.019985,"total":0.019985,"children":null}},"gauges":{"JunctionAI_1.CumulativeReward":{"count":17,"max":-0.714285731,"min":-1.32398582,"runningAverage":-0.972744,"value":-1.27307642,"weightedAverage":-1.1461426},"JunctionAI_3.CumulativeReward":{"count":17,"max":-0.714285731,"min":-1.45002329,"runningAverage":-0.933374643,"value":-1.28299558,"weightedAverage":-1.15188837},"JunctionAI_2.CumulativeReward":{"count":17,"max":-0.714285731,"min":-1.59918129,"runningAverage":-0.974443555,"value":-1.13079679,"weightedAverage":-1.109965},"JunctionAI_4.CumulativeReward":{"count":17,"max":-0.714285731,"min":-1.51339793,"runningAverage":-1.0032053,"value":-1.2360996,"weightedAverage":-1.202231}},"metadata":{"timer_format_version":"0.1.0","start_time_seconds":"1652925349","unity_version":"2020.3.34f1","command_line_arguments":"\/home\/giwil\/Unity\/Hub\/Editor\/2020.3.34f1\/Editor\/Unity -projectpath \/home\/giwil\/AITMS\/AITMS-Sim -useHub -hubIPC -cloudEnvironment production -licensingIpc LicenseClient-giwil -hubSessionId 39d38440-d70e-11ec-b4f7-e36909cbe627 -accessToken hCDd8aifCnmVmR0mlBdmov5trOuLNAeCmmozpbwxwDk00cf","communication_protocol_version":"1.5.0","com.unity.ml-agents_version":"2.0.0","scene_name":"SingleLaneScene","end_time_seconds":"1652925411"}}