{"count":1,"self":37730.7168768,"total":38100.09474,"children":{"InitializeActuators":{"count":4,"self":0.001847,"total":0.001847,"children":null},"InitializeSensors":{"count":4,"self":0.0030269999999999997,"total":0.0030269999999999997,"children":null},"AgentSendState":{"count":9354526,"self":14.9056672,"total":16.257972,"children":{"CollectObservations":{"count":17178,"self":0.042974,"total":0.042974,"children":null},"WriteActionMask":{"count":17178,"self":0.031730999999999995,"total":0.031730999999999995,"children":null},"RequestDecision":{"count":17178,"self":0.163857,"total":1.2775999999999998,"children":{"AgentInfo.ToProto":{"count":17178,"self":0.34630099999999997,"total":1.113743,"children":{"GenerateSensorData":{"count":17178,"self":0.767442,"total":0.767442,"children":null}}}}}}},"DecideAction":{"count":9354526,"self":346.3693824,"total":346.369395,"children":null},"AgentAct":{"count":9354526,"self":5.9697688,"total":5.9697689999999994,"children":null},"AgentInfo.ToProto":{"count":17179,"self":0.127568,"total":0.775346,"children":{"GenerateSensorData":{"count":17179,"self":0.647778,"total":0.647778,"children":null}}}},"gauges":{"JunctionAI_1.CumulativeReward":{"count":4208,"max":-0.714285731,"min":-2.42261839,"runningAverage":-1.20467067,"value":-1.4588424,"weightedAverage":-1.205091},"JunctionAI_3.CumulativeReward":{"count":3848,"max":-0.714285731,"min":-3.0327363,"runningAverage":-1.292451,"value":-1.12499917,"weightedAverage":-1.23919177},"JunctionAI_2.CumulativeReward":{"count":4513,"max":-0.714285731,"min":-2.675591,"runningAverage":-1.12284207,"value":-0.9980151,"weightedAverage":-1.06796455},"JunctionAI_4.CumulativeReward":{"count":4610,"max":-0.714285731,"min":-3.04048252,"runningAverage":-1.22394991,"value":-1.53511739,"weightedAverage":-1.3021425}},"metadata":{"timer_format_version":"0.1.0","start_time_seconds":"1653648815","unity_version":"2020.3.34f1","command_line_arguments":"\/home\/giwil\/Unity\/Hub\/Editor\/2020.3.34f1\/Editor\/Unity -projectpath \/home\/giwil\/AITMS\/AITMS-Sim -useHub -hubIPC -cloudEnvironment production -licensingIpc LicenseClient-giwil -hubSessionId 420c8210-dd9e-11ec-8cc8-d5dfcbd6dea6 -accessToken 0rtSK2sVmb0MupZysGYtvu4YOgL6C_2W7cPW3r0k1TE00cf","communication_protocol_version":"1.5.0","com.unity.ml-agents_version":"2.0.0","scene_name":"SingleLaneScene","end_time_seconds":"1653686914"}}