{
    "name": "root",
    "gauges": {
        "JunctionAI.Policy.Entropy.mean": {
            "value": 1.418938398361206,
            "min": 1.418938398361206,
            "max": 1.4189385175704956,
            "count": 6
        },
        "JunctionAI.Policy.Entropy.sum": {
            "value": 32.635581970214844,
            "min": 2.837877035140991,
            "max": 39.73027420043945,
            "count": 6
        },
        "JunctionAI.Environment.EpisodeLength.mean": {
            "value": 3.0,
            "min": 3.0,
            "max": 3.0,
            "count": 13
        },
        "JunctionAI.Environment.EpisodeLength.sum": {
            "value": 3.0,
            "min": 3.0,
            "max": 6.0,
            "count": 13
        },
        "JunctionAI.IsTraining.mean": {
            "value": 1.0,
            "min": 1.0,
            "max": 1.0,
            "count": 13
        },
        "JunctionAI.IsTraining.sum": {
            "value": 1.0,
            "min": 1.0,
            "max": 1.0,
            "count": 13
        },
        "JunctionAI.Step.mean": {
            "value": 592.0,
            "min": 536.0,
            "max": 592.0,
            "count": 12
        },
        "JunctionAI.Step.sum": {
            "value": 592.0,
            "min": 536.0,
            "max": 592.0,
            "count": 12
        },
        "JunctionAI.Policy.ExtrinsicValueEstimate.mean": {
            "value": -15.05543327331543,
            "min": -17.435405731201172,
            "max": -11.600419044494629,
            "count": 12
        },
        "JunctionAI.Policy.ExtrinsicValueEstimate.sum": {
            "value": -15.05543327331543,
            "min": -31.172142028808594,
            "max": -11.600419044494629,
            "count": 12
        },
        "JunctionAI.Environment.CumulativeReward.mean": {
            "value": -2.60308575630188,
            "min": -2.7033944129943848,
            "max": -1.7416667938232422,
            "count": 12
        },
        "JunctionAI.Environment.CumulativeReward.sum": {
            "value": -2.60308575630188,
            "min": -4.297067642211914,
            "max": -1.7416667938232422,
            "count": 12
        },
        "JunctionAI.Policy.ExtrinsicReward.mean": {
            "value": -2.60308575630188,
            "min": -2.7033944129943848,
            "max": -1.7416667938232422,
            "count": 12
        },
        "JunctionAI.Policy.ExtrinsicReward.sum": {
            "value": -2.60308575630188,
            "min": -4.297067642211914,
            "max": -1.7416667938232422,
            "count": 12
        }
    },
    "metadata": {
        "timer_format_version": "0.1.0",
        "start_time_seconds": "1652434391",
        "python_version": "3.9.7 (default, Sep 16 2021, 16:59:28) [MSC v.1916 64 bit (AMD64)]",
        "command_line_arguments": "C:\\Users\\bright\\anaconda3\\Scripts\\mlagents-learn configuration.yaml --run-id=singlejunction2 --resume",
        "mlagents_version": "0.26.0",
        "mlagents_envs_version": "0.28.0",
        "communication_protocol_version": "1.5.0",
        "pytorch_version": "1.7.1+cu110",
        "numpy_version": "1.20.3",
        "end_time_seconds": "1652434444"
    },
    "total": 52.9538772,
    "count": 1,
    "self": 0.01165929999999804,
    "children": {
        "run_training.setup": {
            "total": 0.3120238999999998,
            "count": 1,
            "self": 0.3120238999999998
        },
        "TrainerController.start_learning": {
            "total": 52.630194,
            "count": 1,
            "self": 0.0024552000000142016,
            "children": {
                "TrainerController._reset_env": {
                    "total": 15.2737488,
                    "count": 1,
                    "self": 15.2737488
                },
                "TrainerController.advance": {
                    "total": 37.272121199999994,
                    "count": 84,
                    "self": 0.0020041999999662607,
                    "children": {
                        "env_step": {
                            "total": 35.22607410000002,
                            "count": 84,
                            "self": 34.25860150000001,
                            "children": {
                                "SubprocessEnvManager._take_step": {
                                    "total": 0.9663286000000255,
                                    "count": 84,
                                    "self": 0.005153500000020017,
                                    "children": {
                                        "TorchPolicy.evaluate": {
                                            "total": 0.9611751000000055,
                                            "count": 67,
                                            "self": 0.06359480000004325,
                                            "children": {
                                                "TorchPolicy.sample_actions": {
                                                    "total": 0.8975802999999623,
                                                    "count": 67,
                                                    "self": 0.8975802999999623
                                                }
                                            }
                                        }
                                    }
                                },
                                "workers": {
                                    "total": 0.0011439999999822703,
                                    "count": 83,
                                    "self": 0.0,
                                    "children": {
                                        "worker_root": {
                                            "total": 43.24270150000002,
                                            "count": 83,
                                            "is_parallel": true,
                                            "self": 9.164770900000008,
                                            "children": {
                                                "steps_from_proto": {
                                                    "total": 0.00037280000000095015,
                                                    "count": 1,
                                                    "is_parallel": true,
                                                    "self": 0.00012150000000055172,
                                                    "children": {
                                                        "_process_rank_one_or_two_observation": {
                                                            "total": 0.0002513000000003984,
                                                            "count": 2,
                                                            "is_parallel": true,
                                                            "self": 0.0002513000000003984
                                                        }
                                                    }
                                                },
                                                "UnityEnvironment.step": {
                                                    "total": 34.07755780000001,
                                                    "count": 83,
                                                    "is_parallel": true,
                                                    "self": 0.008902600000013194,
                                                    "children": {
                                                        "UnityEnvironment._generate_step_input": {
                                                            "total": 0.006366900000008613,
                                                            "count": 83,
                                                            "is_parallel": true,