{
    "name": "root",
    "gauges": {
        "JunctionAI.Policy.Entropy.mean": {
            "value": 1.4189385175704956,
            "min": 1.4189385175704956,
            "max": 1.4189385175704956,
            "count": 1267
        },
        "JunctionAI.Policy.Entropy.sum": {
            "value": 7.094692707061768,
            "min": 7.094692707061768,
            "max": 7.094692707061768,
            "count": 1267
        },
        "JunctionAI.Environment.EpisodeLength.mean": {
            "value": 4.0,
            "min": 4.0,
            "max": 4.0,
            "count": 1267
        },
        "JunctionAI.Environment.EpisodeLength.sum": {
            "value": 4.0,
            "min": 4.0,
            "max": 4.0,
            "count": 1267
        },
        "JunctionAI.IsTraining.mean": {
            "value": 1.0,
            "min": 1.0,
            "max": 1.0,
            "count": 1267
        },
        "JunctionAI.IsTraining.sum": {
            "value": 1.0,
            "min": 1.0,
            "max": 1.0,
            "count": 1267
        },
        "JunctionAI.Step.mean": {
            "value": 13190.0,
            "min": 6865.0,
            "max": 13190.0,
            "count": 1266
        },
        "JunctionAI.Step.sum": {
            "value": 13190.0,
            "min": 6865.0,
            "max": 13190.0,
            "count": 1266
        },
        "JunctionAI.Policy.ExtrinsicValueEstimate.mean": {
            "value": 3.8206050395965576,
            "min": -1.8717960119247437,
            "max": 11.335062026977539,
            "count": 1266
        },
        "JunctionAI.Policy.ExtrinsicValueEstimate.sum": {
            "value": 3.8206050395965576,
            "min": -1.8717960119247437,
            "max": 11.335062026977539,
            "count": 1266
        },
        "JunctionAI.Environment.CumulativeReward.mean": {
            "value": -5.506816864013672,
            "min": -9.522722244262695,
            "max": -0.8000001907348633,
            "count": 1266
        },
        "JunctionAI.Environment.CumulativeReward.sum": {
            "value": -5.506816864013672,
            "min": -9.522722244262695,
            "max": -0.8000001907348633,
            "count": 1266
        },
        "JunctionAI.Policy.ExtrinsicReward.mean": {
            "value": -5.506816864013672,
            "min": -9.522722244262695,
            "max": -0.8000001907348633,
            "count": 1266
        },
        "JunctionAI.Policy.ExtrinsicReward.sum": {
            "value": -5.506816864013672,
            "min": -9.522722244262695,
            "max": -0.8000001907348633,
            "count": 1266
        }
    },
    "metadata": {
        "timer_format_version": "0.1.0",
        "start_time_seconds": "1649166800",
        "python_version": "3.7.13 (default, Mar 29 2022, 02:18:16) \n[GCC 7.5.0]",
        "command_line_arguments": "/home/giwil/anaconda3/envs/AITMS/bin/mlagents-learn config/config.yaml --resume --run-id singlejunction1",
        "mlagents_version": "0.26.0",
        "mlagents_envs_version": "0.26.0",
        "communication_protocol_version": "1.5.0",
        "pytorch_version": "1.8.1+cu102",
        "numpy_version": "1.21.5",
        "end_time_seconds": "1649175639"
    },
    "total": 8838.197148682999,
    "count": 1,
    "self": 0.00549951899847656,
    "children": {
        "run_training.setup": {
            "total": 0.21240270300006614,
            "count": 1,
            "self": 0.21240270300006614
        },
        "TrainerController.start_learning": {
            "total": 8837.979246461,
            "count": 1,
            "self": 0.2666261959602707,
            "children": {
                "TrainerController._reset_env": {
                    "total": 7.4473402009999745,
                    "count": 1,
                    "self": 7.4473402009999745
                },
                "TrainerController.advance": {
                    "total": 8830.21426303704,
                    "count": 7603,
                    "self": 0.2593939920407138,
                    "children": {
                        "env_step": {
                            "total": 8767.286070115002,
                            "count": 7603,
                            "self": 8759.868850520952,
                            "children": {
                                "SubprocessEnvManager._take_step": {
                                    "total": 7.278288665062064,
                                    "count": 7603,
                                    "self": 0.6749782930472747,
                                    "children": {
                                        "TorchPolicy.evaluate": {
                                            "total": 6.603310372014789,
                                            "count": 6335,
                                            "self": 1.5308911060378705,
                                            "children": {
                                                "TorchPolicy.sample_actions": {
                                                    "total": 5.072419265976919,
                                                    "count": 6335,
                                                    "self": 5.072419265976919
                                                }
                                            }
                                        }
                                    }
                                },
                                "workers": {
                                    "total": 0.1389309289876337,
                                    "count": 7602,
                                    "self": 0.0,
                                    "children": {
                                        "worker_root": {
                                            "total": 8837.571164198014,
                                            "count": 7602,
                                            "is_parallel": true,
                                            "self": 89.32741940903907,
                                            "children": {
                                                "run_training.setup": {
                                                    "total": 0.0,
                                                    "count": 0,
                                                    "is_parallel": true,
                                                    "self": 0.0,
                                                    "children": {
                                                        "steps_from_proto": {
                                                            "total": 0.0006392170000708575,
                                                            "count": 1,
                                                            "is_parallel": true,
                                                            "self": 0.0002372809999542369,
                                                            "children": {
                                                                "_process_rank_one_or_two_observation": {
                                                                    "total": 0.00040193600011662056,
                                                                    "count": 2,
                                                                    "is_parallel": true,
                                                                    "self": 0.00040193600011662056
                                                                }
                                                            }
                                                        },
                                                        "UnityEnvironment.step": {
                                                            "total": 1.5021361289999504,
                                                            "count": 1,
                                                            "is_parallel": true,